<?xml version="1.0" encoding="ISO-8859-1"?>
<!-- 
Devem estar listados na tag <filesystem value="nome-do-arquivo">:
	1. Todos os arquivos presentes no diretório raiz da lição
	2. Todos os subdiretórios que fazem parte do conteúdo da lição
 -->
<ivela>
	<header doctype="plugin" docsubtype="contentpackage"/>
	<payload>
		<contentpackage course="id_curso" discipline="id_disciplina" unit="id_unidade">
			<filesystem value="/index.html"/>
			<filesystem value="/unit1.html"/>
			<filesystem value="/swf/"/>
			<filesystem value="/css/"/>
			<filesystem value="/js/"/>
			<filesystem value="/images/"/>
			<filesystem value="/audio/">			
		</contentpackage>
	</payload>
</ivela>
